,Strongly Agree,Agree,Somewhat Agree,Neutral,Somewhat Disagree,Disagree,Strongly Disagree,positive,negative,positive%,negative%,Neutral%
0,39.949999999999996,30.55,7.05,3.2900000000000005,4.7,4.7,3.7600000000000002,77.55,13.16,82.5,14.000000000000002,3.5000000000000004
1,28.2,38.54,18.8,2.82,2.82,1.41,1.41,85.53999999999999,5.64,91.0,6.000000000000001,3.0000000000000004
2,29.14,31.020000000000003,14.1,16.919999999999998,2.82,0.9400000000000001,8.459999999999999,74.26,12.219999999999999,71.81818181818181,11.818181818181817,16.36363636363636
3,22.56,23.5,22.56,7.5200000000000005,7.5200000000000005,5.17,5.17,68.62,17.86,73.00000000000001,19.0,8.0
4,7.5200000000000005,7.5200000000000005,23.03,7.5200000000000005,16.919999999999998,25.380000000000003,7.99,38.07,50.29,39.70588235294118,52.450980392156865,7.843137254901962
